FEATURE_SET;LEADTIME_MIN;MSE_TOTAL;MSE_REG;MSE_CMV;MAE_TOTAL;MAE_REG;MAE_CMV;RMSE_TOTAL;RMSE_REG;RMSE_CMV;DELTA_RMSE;SHARE_REG_PCT;SHARE_CMV_PCT
FS4_SEV4_TIME;0;0,013393918830178826;0,013393918830178826;0,0;0,08212334087610487;0,08212334087610487;0,0;0,1157320993941561;0,1157320993941561;0,0;0,0;100,0;0,0
FS4_SEV4_TIME;15;0,012408437978363928;0,01448902148515781;0,0017743274070290264;0,07882925368153851;0,0846978446578898;0,02195947231682738;0,11139316845464055;0,12037035135430074;0,04212276589955871;-0,008977182899660194;89,09002433144971;10,909975668550286
FS4_SEV4_TIME;30;0,012570131675364839;0,01582918356252369;0,00363799319963636;0,08022577326889081;0,08948885481122798;0,03611130531055415;0,11211659857204391;0,12581408332346458;0,06031577902702045;-0,013697484751420672;81,31216845625082;18,6878315437492
FS4_SEV4_TIME;45;0,013531933770810106;0,01621762036148111;0,0045464603845113485;0,084917598387427;0,09344468521214033;0,04352234609935868;0,11632684028550808;0,12734842111891734;0,06742744533579297;-0,011021580833409261;78,1042058151848;21,895794184815195
FS4_SEV4_TIME;60;0,016046031517780994;0,01663499539835078;0,007708391947505112;0,09565161853297262;0,09602369920489315;0,05660250906054097;0,12667293127492155;0,12897672425034984;0,08779744841113045;-0,0023037929754282926;68,33476032735702;31,665239672642986
FS4_SEV4_TIME;75;0,018749944438121974;0,014249278200056996;0,008525939573972812;0,10437481124332422;0,08963544477114908;0,061055023738944655;0,13693043649284833;0,11937034053757657;0,09233601450123788;0,017560095955271762;62,564838419701985;37,43516158029802
FS4_SEV4_TIME;90;0,021911138951838008;0,01396018831357499;0,00979487467353342;0,11079844535164522;0,09282524094431881;0,06278861967836688;0,14802411611571273;0,11815324080859987;0,09896905917272034;0,029870875307112854;58,76721236711104;41,232787632888964
FS4_SEV4_TIME;105;0,022830955547669445;0,01364698277059986;0,010570505883626144;0,11169986433797051;0,08957452736810959;0,06725093638119589;0,1510991579978838;0,11682030119204392;0,1028129655424166;0,034278856805839863;56,35176696250226;43,648233037497754
FS4_SEV4_TIME;120;0,028156819363490227;0,018091177833728857;0,010781900579539549;0,12493669174959537;0,09809062983758732;0,06643528707812152;0,16779993850860087;0,1345034491517926;0,10383593106213065;0,03329648935680826;62,65759949384265;37,34240050615735
FS4_SEV4_TIME;135;0,024270142750488076;0,013764281602376036;0,010361916291034055;0,11766718638705993;0,08779236192252922;0,0685486334790389;0,15578877607352873;0,11732127514809935;0,10179349827486063;0,038467500925429374;57,051184207254046;42,948815792745954
FS4_SEV4_TIME;150;0,032877105220912944;0,018186253630887408;0,010326742850509538;0,13916302655228024;0,09574601521294367;0,07172894478976682;0,1813204489871811;0,13485641857504377;0,10162058280933808;0,04646403041213734;63,78233042869721;36,21766957130279
FS4_SEV4_TIME;165;0,030926351023326158;0,013409326696949081;0,011252984851983668;0,1357991836447079;0,08637532545810164;0,07991433632602915;0,1758588952067144;0,11579864721553997;0,1060800869719839;0,060060247991174445;54,37173506766994;45,62826493233006
FS4_SEV4_TIME;180;0,024860501511692713;0,014546362382195711;0,01014338854807127;0,12182687882557959;0,09305310469882636;0,07308090297251596;0,1576721329585311;0,1206083014646824;0,10071439096807998;0,0370638314938487;58,91660237189122;41,083397628108784
FS5_SEV4_GIS_TIME;0;0,008576901237734504;0,008576901237734504;0,0;0,06727618378235312;0,06727618378235312;0,0;0,09261156103713242;0,09261156103713242;0,0;0,0;100,0;0,0
FS5_SEV4_GIS_TIME;15;0,00816461039706312;0,010319127027490275;0,0016205625418614488;0,06574422400329834;0,07232924005913917;0,021592578793941393;0,09035823369822542;0,10158310404535921;0,04025621122089669;-0,011224870347133792;86,42709651328532;13,572903486714678
FS5_SEV4_GIS_TIME;30;0,009173601620361918;0,012167427188901483;0,002881382350238676;0,0696936937144044;0,07747351195957894;0,03231223739648379;0,09577892054289357;0,11030606143318454;0,05367850920283346;-0,014527140890290974;80,85308779578514;19,146912204214853
FS5_SEV4_GIS_TIME;45;0,009491331171673981;0,01227033968823436;0,003910619020534724;0,06949734881155227;0,07710955328177958;0,03999819136823028;0,09742346314761131;0,11077156534162709;0,0625349423965092;-0,013348102194015776;75,8319695951303;24,1680304048697
FS5_SEV4_GIS_TIME;60;0,01023667688264724;0,011743434164494327;0,0066856082923422095;0,07474922346766698;0,0748102896086082;0,05213608496882652;0,10117646407464159;0,10836712677050327;0,08176556911281306;-0,007190662695861674;63,72243263316114;36,27756736683886
FS5_SEV4_GIS_TIME;75;0,010729195208927688;0,008886321826309274;0,0073221713034319225;0,07538511262398513;0,06339059199638529;0,05275569776970371;0,10358182856528306;0,09426728926997568;0,08556968682560386;0,009314539295307372;54,825095431009785;45,17490456899023
FS5_SEV4_GIS_TIME;90;0,013309706179235613;0,007308781539924954;0,010201551241498012;0,08154187447237467;0,062358019387003506;0,06226824178709877;0,11536769989574905;0,0854914120828809;0,10100272888144167;0,02987628781286815;41,739820888378404;58,2601791116216
FS5_SEV4_GIS_TIME;105;0,015941804469408183;0,007257379989264643;0,010474743357723519;0,08898363438966984;0,05981265758767642;0,06424641557183806;0,12626085881779905;0,08519025759595192;0,10234619366504803;0,041070601221847136;40,92786773050123;59,072132269498766
FS5_SEV4_GIS_TIME;120;0,022484115229097764;0,013307088999050781;0,010282672196776527;0,10173243086938255;0,07522653944314839;0,06487551415585191;0,14994704141495344;0,11535635656109629;0,10140351175761383;0,03459068485385715;56,41044387259255;43,589556127407455
FS5_SEV4_GIS_TIME;135;0,020259842999551747;0,00980769771838702;0,011291664089208356;0,10382295526537011;0,06893754466300583;0,07196637994810622;0,14233707528100945;0,0990338210834411;0,10626224206748301;0,04330325419756835;46,48338564845327;53,51661435154672
FS5_SEV4_GIS_TIME;150;0,0290490759798334;0,014640019926487585;0,008897130837810789;0,1219214461606857;0,08307635192384671;0,06657425035520242;0,1704378947881996;0,12099595004167531;0,09432460356561691;0,04944194474652429;62,1996267649093;37,8003732350907
FS5_SEV4_GIS_TIME;165;0,025907344027043037;0,009536045020291315;0,010447084436679506;0,11684038907398668;0,07199176043098274;0,07499092426448536;0,1609575845589236;0,09765267543847078;0,10221098002015001;0,0633049091204528;47,72047862085388;52,27952137914612
FS5_SEV4_GIS_TIME;180;0,016415360890375895;0,008616685511681398;0,009001951056230863;0,09425547909536344;0,07032276435348854;0,0690180173773984;0,12812244491257532;0,09282610361143787;0,0948786122170369;0,03529634130113746;48,90665335236234;51,093346647637674
FS6_SEV4_GIS_SENSOR_TIME;0;0,004459044120649737;0,004459044120649737;0,0;0,041367365102044994;0,041367365102044994;0,0;0,0667760744627126;0,0667760744627126;0,0;0,0;100,0;0,0
FS6_SEV4_GIS_SENSOR_TIME;15;0,006192659447722181;0,006487403089369452;0,00022529629085885295;0,04916680303117917;0,049980595775474;0,008600789045999247;0,07869345238151762;0,0805444168727383;0,015009873112683297;-0,0018509644912206857;96,64373036691552;3,3562696330844832
FS6_SEV4_GIS_SENSOR_TIME;30;0,010563115404658794;0,011659572815804195;0,00044738730332482114;0,07022161961122711;0,07282840424682666;0,011922000936871168;0,10277701788171709;0,10797950183161707;0,02115153193801388;-0,005202483949899986;96,3047098617435;3,6952901382564933
FS6_SEV4_GIS_SENSOR_TIME;45;0,01686357761244243;0,018262844249104834;0,0009633085317788002;0,0864912643670973;0,0918461147838365;0,01759118164845067;0,12985983833519288;0,13514009119837397;0,031037212049067814;-0,005280252863181095;94,98959285948978;5,010407140510232
FS6_SEV4_GIS_SENSOR_TIME;60;0,02630889204169014;0,02657446053872563;0,001338778262433897;0,10448179965679803;0,10860559784456439;0,020920981213899875;0,16220016042436622;0,16301674925824533;0,03658931896652214;-0,0008165888338791116;95,20378745021061;4,796212549789398
FS6_SEV4_GIS_SENSOR_TIME;75;0,035719097144582226;0,03507613868119897;0,0019713440633892425;0,12845711710481267;0,12997372003161373;0,026176087276593166;0,18899496592391615;0,18728624797672405;0,04439982053329993;0,001708717947192101;94,67887176848146;5,3211282315185375
FS6_SEV4_GIS_SENSOR_TIME;90;0,04276490911917239;0,04228448290148791;0,0028614537475599787;0,14102270179020598;0,1441354698291222;0,033853313428773374;0,20679678217799327;0,20563191119446395;0,05349255787079151;0,0011648709835293258;93,66176900968046;6,338230990319536
FS6_SEV4_GIS_SENSOR_TIME;105;0,038600911077473245;0,038356872356310426;0,003287667566450072;0,13851164393042234;0,14187894964828593;0,0366808274545108;0,19647114566132412;0,19584910609014897;0,057338185936163626;0,0006220395711751536;92,10540548041155;7,894594519588444
FS6_SEV4_GIS_SENSOR_TIME;120;0,03364600925009414;0,03381590054411559;0,003760040825774738;0,1298853269513573;0,13403708980626872;0,039965664230521725;0,18342848538352524;0,18389100180301263;0,061319171763607;-0,0004625164194873854;89,99348868266101;10,006511317338987
FS6_SEV4_GIS_SENSOR_TIME;135;0,02708190169080367;0,027259764108038882;0,004367683921908759;0,12237823892233747;0,12466546543147627;0,04304594676449063;0,16456579745136493;0,16510531217389368;0,06608845528463167;-0,00053951472252875;86,19021073792278;13,809789262077206
FS6_SEV4_GIS_SENSOR_TIME;150;0,026504976401446223;0,02125576450739618;0,00464674688912041;0,12481196500472665;0,11366883293528567;0,04692698498107305;0,16280349013902073;0,14579356812766528;0,06816705134535607;0,017009922011355455;82,06063181292409;17,939368187075914
FS6_SEV4_GIS_SENSOR_TIME;165;0,027306998809346523;0,023562035736310844;0,004745610269603252;0,12536047161106315;0,11849597225107095;0,0466312802392557;0,16524829442189873;0,1534993020710871;0,0688883899478225;0,011748992350811616;83,23558847453516;16,764411525464848
FS6_SEV4_GIS_SENSOR_TIME;180;0,031133316200430847;0,0288409295847447;0,0045995354068104136;0,13753358190610315;0,1346835780859426;0,04514082259272771;0,1764463550216633;0,16982617461611946;0,06781987471833321;0,006620180405543852;86,24559973082923;13,754400269170771
FS7_SEV12_TIME;0;0,012028547607720711;0,012028547607720711;0,0;0,07495138826222536;0,07495138826222536;0,0;0,10967473550330865;0,10967473550330865;0,0;0,0;100,0;0,0
FS7_SEV12_TIME;15;0,011067372246641779;0,012007008191698584;0,0009463173408744517;0,07237218017090506;0,07457892892233906;0,02133491965240083;0,10520157910716825;0,10957649470437801;0,03076227138678891;-0,004374915597209761;92,69440624730075;7,305593752699243
FS7_SEV12_TIME;30;0,0117046392948874;0,012456043357545611;0,0022378150412366246;0,07672895487680306;0,07662578888748788;0,03186911162136464;0,10818798128668175;0,11160664566926833;0,04730554979319683;-0,0034186643825865753;84,77040556330606;15,229594436693942
FS7_SEV12_TIME;45;0,012616537111409842;0,011922790966516572;0,002667266678609689;0,08020250143263878;0,07613548990511312;0,03364756833632964;0,11232335959812563;0,10919153340125128;0,05164558721333013;0,0031318261968743544;81,71860082060282;18,281399179397187
FS7_SEV12_TIME;60;0,014040754406932986;0,012143850492878314;0,0056326259670327694;0,08539184400372743;0,07782000089913176;0,04757572902612381;0,11849368931269288;0,11019914016397003;0,07505082256066731;0,008294549148722852;68,31415955948705;31,68584044051294
FS7_SEV12_TIME;75;0,01713763327246369;0,010957196915484893;0,007733227217183028;0,09454501910120586;0,07280480446245512;0,054102417647413074;0,1309107836370392;0,10467663022606762;0,08793876970473846;0,026234153410971586;58,624656335826195;41,375343664173805
FS7_SEV12_TIME;90;0,02102254647676748;0,010265998186799229;0,009938458719347199;0,10251691024947594;0,07252492305556818;0,06356587131966952;0,14499153932822245;0,10132126226414291;0,0996918187182238;0,04367027706407954;50,81056241445518;49,18943758554482
FS7_SEV12_TIME;105;0,02332298685439102;0,010746888819985766;0,011938431188197342;0,107050623254256;0,07288828867609673;0,0714236163868332;0,15271865260796083;0,10366720223863364;0,10926312821898036;0,04905145036932719;47,37375896001961;52,62624103998039
FS7_SEV12_TIME;120;0,029394350477909476;0,015126238471573072;0,011634814117257667;0,12013734839188273;0,08422324508815998;0,07356819135762294;0,17144780686234945;0,12298877376237667;0,10786479554172282;0,04845903309997278;56,52333151456946;43,47666848543054
FS7_SEV12_TIME;135;0,027190047287178148;0,013065310877716499;0,01258847633546713;0,1176787670135168;0,08065269461347349;0,08179884499938198;0,16489404867119417;0,11430359083474367;0,1121983793798606;0,0505904578364505;50,92936481129835;49,07063518870165
FS7_SEV12_TIME;150;0,03664124617604924;0,01513330042508654;0,013989121560301647;0,14284057542469675;0,08432343786948153;0,08755361721484586;0,19141903295140023;0,12301748016069318;0,11827561693054764;0,06840155279070705;51,96442944436244;48,035570555637555
FS7_SEV12_TIME;165;0,03625034897893647;0,012233190952452315;0,015021838008822033;0,14428825450968547;0,07817186544027115;0,09306482527207027;0,19039524410797784;0,11060375650244576;0,12256360801160364;0,07979148760553208;44,88416053358079;55,11583946641922
FS7_SEV12_TIME;180;0,030273619040131608;0,010060431557486836;0,013987236214134023;0,12697173384510493;0,07196078741561433;0,08979281458714995;0,17399315802677875;0,10030170266494401;0,11826764652318919;0,07369145536183475;41,835373197226865;58,164626802773135
FS8_SEV12_GIS_TIME;0;0,006928633691122993;0,006928633691122993;0,0;0,06051349882258708;0,06051349882258708;0,0;0,0832384147561869;0,0832384147561869;0,0;0,0;100,0;0,0
FS8_SEV12_GIS_TIME;15;0,006473695545235447;0,00814878653001494;0,0012037709345103162;0,05855613104940419;0,06403899070191763;0,02173766336373367;0,08045927880136292;0,09027062938749757;0,034695402209951626;-0,009811350586134651;87,12896510846062;12,871034891539376
FS8_SEV12_GIS_TIME;30;0,00803268240597766;0,009056714495914659;0,00230911607487309;0,06523671859975391;0,06491183817999036;0,032316868842457214;0,08962523308743839;0,09516677201583891;0,048053262895177994;-0,005541538928400522;79,68370141986861;20,31629858013138
FS8_SEV12_GIS_TIME;45;0,008498473604719867;0,009828044526178123;0,0027142532350832287;0,0645918364721253;0,06829910294305462;0,03571648832354036;0,09218716616058803;0,09913649442146985;0,052098495516504396;-0,006949328260881821;78,359202701545;21,640797298455
FS8_SEV12_GIS_TIME;60;0,008442546551063052;0,009417606549669371;0,005016079198745702;0,06651836924379793;0,06821375704725176;0,04777234954920491;0,09188333119267636;0,09704435351770535;0,07082428396211078;-0,005161022325028991;65,24741298807545;34,752587011924554
FS8_SEV12_GIS_TIME;75;0,0093552831494719;0,007581008293690349;0,006421472821225429;0,06876353564374904;0,058099273842013674;0,051856588027663665;0,09672271268668958;0,08706898583129558;0,08013409275224515;0,009653726855394007;54,14046433253088;45,85953566746912
FS8_SEV12_GIS_TIME;90;0,012093830356662795;0,0061631284016953735;0,008015671582742677;0,07549666778926734;0,056942815212619145;0,05646527822112046;0,10997195259093473;0,07850559471588871;0,08953028304848967;0,03146635787504602;43,46720743969672;56,53279256030328
FS8_SEV12_GIS_TIME;105;0,0144295413676924;0,006110023539154223;0,009386215624092444;0,08166693937761635;0,055576096346702034;0,06087520741834717;0,12012302596793173;0,07816663955393134;0,09688248357723105;0,04195638641400039;39,42907356286628;60,57092643713371
FS8_SEV12_GIS_TIME;120;0,020964990999937233;0,011474386445554081;0,009401935474230443;0,09719988561887075;0,07023016078519165;0,06395885630024623;0,14479292455067422;0,10711856256295675;0,09696357808079507;0,03767436198771747;54,96364009734774;45,036359902652265
FS8_SEV12_GIS_TIME;135;0,01812833995640757;0,008572059224537496;0,010507993288178889;0,0940059118516208;0,06440901117816517;0,07191714818114378;0,13464152389366207;0,09258541583066686;0,1025085034920464;0,042056108062995215;44,92681148977148;55,07318851022853
FS8_SEV12_GIS_TIME;150;0,027505236880155735;0,012525598827340183;0,010535715852512225;0,1185945497081355;0,07421807247964582;0,07532428045182853;0,1658470285538928;0,11191782175927202;0,10264363522650698;0,05392920679462078;54,31433116986696;45,68566883013303
FS8_SEV12_GIS_TIME;165;0,02624192382177195;0,008362177744606987;0,012031530625076175;0,11700458195343712;0,06557899333943792;0,08483463020557269;0,16199359191576668;0,09144494378918382;0,10968833404276034;0,07054864812658286;41,00371346408982;58,99628653591018
FS8_SEV12_GIS_TIME;180;0,018868072877386358;0,006963295056908207;0,008865251494443631;0,1017684637851972;0,06123711299329344;0,07540685143569865;0,13736110394644604;0,0834463603574668;0,09415546449592627;0,05391474358897924;43,99200542082309;56,00799457917691
FS9_SEV12_GIS_SENSOR_TIME;0;0,0043796611004779966;0,0043796611004779966;0,0;0,04036824573335358;0,04036824573335358;0,0;0,06617900800463843;0,06617900800463843;0,0;0,0;100,0;0,0
FS9_SEV12_GIS_SENSOR_TIME;15;0,006007481871734967;0,006149203593074992;0,00022141657302731057;0,04842024995215949;0,04883951836853411;0,008575783094687237;0,07750794715211445;0,07841685783729792;0,014880073018211657;-0,0009089106851834644;96,52441101094905;3,4755889890509435
FS9_SEV12_GIS_SENSOR_TIME;30;0,010372047697531453;0,011110423555458859;0,0004859507398631936;0,06975301652643705;0,07066478772309924;0,01189904539049065;0,10184325062335478;0,10540599392567226;0,022044290414145646;-0,0035627433023174837;95,80945968552234;4,190540314477645
FS9_SEV12_GIS_SENSOR_TIME;45;0,016733538487459232;0,018100969316655516;0,0008959914937836166;0,08631643358635958;0,0899304646454825;0,01691438484479582;0,12935817905126537;0,13453984285948722;0,029933117007482142;-0,005181663808221854;95,28350085719367;4,716499142806333
FS9_SEV12_GIS_SENSOR_TIME;60;0,025285098944880267;0,02633036334383597;0,001322386915204311;0,10335144578696391;0,10673515214731033;0,021220310339709947;0,15901288924134505;0,16226633459789486;0,036364638252075476;-0,003253445356549811;95,21788284052508;4,782117159474922
FS9_SEV12_GIS_SENSOR_TIME;75;0,03487665801992639;0,03487648156082624;0,0017896849180283991;0,12887987633692552;0,12924396623025805;0,02522581333307127;0,18675293309591257;0,18675246065534515;0,04230466780425535;4,724405674172427e-07;95,11897454821052;4,881025451789485
FS9_SEV12_GIS_SENSOR_TIME;90;0,041012196464986606;0,04209931845257316;0,002674590100911981;0,140758248778619;0,14316038550409402;0,033062101934177746;0,2025146820973398;0,20518118445065367;0,05171643936807697;-0,0026665023533138654;94,02645382697152;5,973546173028475
FS9_SEV12_GIS_SENSOR_TIME;105;0,037891574964798315;0,03760797617188772;0,0031821536597019255;0,14051970758839633;0,1402189844084559;0,03706588547159394;0,19465758388718976;0,19392776018891086;0,05641058109700631;0,0007298236982788975;92,19871652078557;7,801283479214444
FS9_SEV12_GIS_SENSOR_TIME;120;0,03391630456438226;0,0318234107640076;0,003852030852546743;0,13339812341040647;0,1291515714061314;0,04271582481382552;0,18416379819167028;0,17839117344758848;0,06206473114858988;0,0057726247440818;89,20256995288518;10,797430047114819
FS9_SEV12_GIS_SENSOR_TIME;135;0,02907403655352611;0,026335432406243135;0,004473003829050233;0,1266330660918748;0,12221598931304253;0,04534718525293751;0,17051110390096627;0,16228195342133128;0,06688051905488049;0,008229150479634989;85,48123703881447;14,518762961185521
FS9_SEV12_GIS_SENSOR_TIME;150;0,0290550082529995;0,0199164044278816;0,004813116393454931;0,12822974210857174;0,10872237009320516;0,049480946918591125;0,17045529693441475;0,14112549177197437;0,06937662714095383;0,02932980516244038;80,5369605491822;19,4630394508178
FS9_SEV12_GIS_SENSOR_TIME;165;0,03241961004517998;0,023522986357165016;0,005085455828140993;0,13515602151099393;0,1171954299945161;0,050683877504283;0,18005446410789147;0,1533720520732673;0,07131238201140805;0,02668241203462418;82,22393307821211;17,77606692178789
FS9_SEV12_GIS_SENSOR_TIME;180;0,03607426815875863;0,02894120975993057;0,005360798762302811;0,1470791913417179;0,13396736429526257;0,05060600576987087;0,18993227255724243;0,17012116199911922;0,07321747579849233;0,019811110558123207;84,37176423990414;15,628235760095874
